<?xml version='1.0' encoding='UTF-8'?>
<?artifactRepository version='1.1.0'?>
<repository name='file:/C:/Users/kae/git/db-splunk/target/update-site/ - artifacts' type='org.eclipse.equinox.p2.artifact.repository.simpleRepository' version='1'>
  <properties size='2'>
    <property name='p2.timestamp' value='1493913566630'/>
    <property name='p2.compressed' value='false'/>
  </properties>
  <mappings size='3'>
    <rule filter='(&amp; (classifier=osgi.bundle))' output='${repoUrl}/plugins/${id}_${version}.jar'/>
    <rule filter='(&amp; (classifier=binary))' output='${repoUrl}/binary/${id}_${version}'/>
    <rule filter='(&amp; (classifier=org.eclipse.update.feature))' output='${repoUrl}/features/${id}_${version}.jar'/>
  </mappings>
  <artifacts size='2'>
    <artifact classifier='osgi.bundle' id='org.mule.tooling.ui.contribution.db-splunk.3.5.0' version='1.0.0.201705041659'>
      <properties size='3'>
        <property name='artifact.size' value='857275'/>
        <property name='download.size' value='857275'/>
        <property name='download.md5' value='4611bbdc52597d2f5889386b114f71c2'/>
      </properties>
    </artifact>
    <artifact classifier='org.eclipse.update.feature' id='org.mule.tooling.ui.extension.db-splunk-connector.3.5.0' version='1.0.0.201705041659'>
      <properties size='4'>
        <property name='artifact.size' value='650'/>
        <property name='download.size' value='650'/>
        <property name='download.md5' value='8e9592fb904564321d26ac8513542790'/>
        <property name='download.contentType' value='application/zip'/>
      </properties>
    </artifact>
  </artifacts>
</repository>
